OrderID,OrderDate,Region,Product,Quantity,Price
1,2023-04-13,North,Monitor,8,259
2,2023-12-15,North,Table,8,430
3,2023-09-28,East,Monitor,7,875
4,2023-04-17,West,Chair,7,324
5,2023-03-13,West,Notebook,6,1082
6,2023-07-08,South,Printer,6,828
7,2023-01-21,West,Chair,9,1627
8,2023-04-13,East,Chair,6,1579
9,2023-05-02,North,Smartphone,2,1168
10,2023-08-03,West,Smartphone,2,1337
11,2023-11-27,South,Smartphone,5,1182
12,2023-03-29,West,Printer,4,743
13,2023-04-10,East,Smartphone,2,715
14,2023-12-26,South,Monitor,3,294
15,2023-06-01,West,Table,7,588
16,2023-05-11,South,Notebook,8,256
17,2023-05-30,East,Chair,6,709
18,2023-11-05,North,Monitor,5,1349
19,2023-09-15,East,Notebook,1,511
20,2023-12-10,East,Monitor,8,1328
21,2023-10-21,East,Monitor,3,1202
22,2023-07-11,East,Chair,6,1247
23,2023-10-04,North,Table,3,570
24,2023-06-10,North,Smartphone,7,1341
25,2023-11-10,South,Printer,7,615
26,2023-01-22,West,Table,9,1725
27,2023-09-10,North,Printer,5,1227
28,2023-08-24,North,Chair,8,492
29,2023-12-11,West,Chair,8,730
30,2023-02-18,North,Chair,1,1768
31,2023-02-28,East,Notebook,5,1947
32,2023-06-19,East,Printer,3,707
33,2023-07-07,West,Table,1,1079
34,2023-09-28,South,Table,4,533
35,2023-07-09,South,Monitor,8,1454
36,2023-06-24,West,Monitor,3,1266
37,2023-02-20,West,Monitor,2,1923
38,2023-12-30,East,Chair,9,639
39,2023-02-24,South,Table,5,377
40,2023-09-01,North,Printer,7,332
41,2023-11-16,East,Chair,2,1652
42,2023-05-11,West,Notebook,9,1694
43,2023-11-03,South,Monitor,9,1213
44,2023-05-15,North,Chair,4,1615
45,2023-01-21,North,Chair,4,1322
46,2023-11-25,East,Notebook,6,461
47,2023-06-16,South,Smartphone,6,1564
48,2023-10-01,South,Table,1,125
49,2023-03-30,West,Printer,9,1148
50,2023-11-12,South,Smartphone,2,1517
51,2023-01-14,South,Monitor,5,606
52,2023-08-30,East,Chair,9,1424
53,2023-09-22,South,Notebook,4,1462
54,2023-12-12,North,Notebook,3,366
55,2023-02-22,East,Table,7,560
56,2023-12-06,East,Smartphone,6,1816
57,2023-04-02,West,Table,8,555
58,2023-09-21,South,Chair,3,1483
59,2023-02-04,West,Table,5,1191
60,2023-07-25,North,Printer,4,1106
61,2023-03-22,East,Notebook,4,962
62,2023-02-19,East,Notebook,4,1535
63,2023-12-26,East,Monitor,8,590
64,2023-01-02,North,Monitor,6,1956
65,2023-02-23,North,Chair,3,1172
66,2023-04-16,West,Printer,5,1810
67,2023-09-17,West,Smartphone,6,663
68,2023-11-06,West,Table,5,1225
69,2023-07-10,South,Chair,6,315
70,2023-08-06,East,Monitor,8,1561
71,2023-02-13,East,Table,7,1823
72,2023-06-11,West,Monitor,5,1692
73,2023-07-21,East,Table,6,658
74,2023-09-27,West,Smartphone,4,258
75,2023-12-17,South,Chair,9,588
76,2023-10-31,South,Table,4,785
77,2023-09-28,North,Printer,1,1365
78,2023-08-03,South,Notebook,7,893
79,2023-09-09,West,Printer,7,1876
80,2023-07-09,South,Printer,4,104
81,2023-10-23,North,Notebook,3,1719
82,2023-08-01,East,Printer,8,1943
83,2023-07-27,West,Table,5,460
84,2023-08-25,East,Table,7,558
85,2023-12-04,North,Table,4,347
86,2023-02-22,North,Notebook,4,1689
87,2023-10-07,North,Printer,8,1796
88,2023-08-05,East,Notebook,8,1045
89,2023-09-09,East,Table,2,521
90,2023-07-07,East,Printer,2,1861
91,2023-02-10,East,Printer,3,114
92,2023-06-06,North,Monitor,3,835
93,2023-01-15,North,Monitor,1,1696
94,2023-10-28,West,Smartphone,3,1245
95,2023-03-06,West,Chair,6,376
96,2023-12-11,East,Monitor,8,1681
97,2023-11-23,South,Notebook,6,552
98,2023-01-09,South,Monitor,5,1513
99,2023-12-10,North,Smartphone,4,1417
100,2023-05-09,North,Printer,3,1697
101,2023-05-16,North,Smartphone,4,697
102,2023-03-04,West,Printer,7,545
103,2023-05-19,West,Printer,1,309
104,2023-03-22,North,Chair,7,1713
105,2023-06-12,North,Monitor,1,813
106,2023-10-16,North,Notebook,2,401
107,2023-09-18,South,Notebook,4,1346
108,2023-08-19,West,Table,1,1857
109,2023-02-10,South,Printer,9,102
110,2023-01-28,South,Notebook,6,1089
111,2023-05-15,North,Chair,1,1641
112,2023-07-20,North,Printer,1,1216
113,2023-11-24,East,Chair,6,619
114,2023-09-25,East,Notebook,4,1551
115,2023-02-02,South,Notebook,4,592
116,2023-02-17,West,Table,6,1358
117,2023-03-03,North,Notebook,7,719
118,2023-08-04,North,Printer,9,1284
119,2023-10-20,South,Printer,5,1844
120,2023-04-09,East,Printer,9,1875
121,2023-06-21,West,Table,4,430
122,2023-12-26,East,Table,2,432
123,2023-08-02,East,Notebook,3,149
124,2023-02-04,East,Smartphone,1,1646
125,2023-08-15,East,Smartphone,6,962
126,2023-04-11,North,Table,6,1791
127,2023-05-11,North,Notebook,1,1615
128,2023-09-14,East,Smartphone,3,1705
129,2023-01-05,West,Notebook,5,1804
130,2023-08-06,South,Notebook,3,371
131,2023-09-12,West,Notebook,3,679
132,2023-12-25,West,Monitor,3,1990
133,2023-10-10,West,Printer,5,1375
134,2023-07-26,East,Notebook,5,659
135,2023-01-15,North,Monitor,4,795
136,2023-12-12,West,Table,1,1955
137,2023-02-11,East,Smartphone,5,1822
138,2023-06-28,West,Printer,5,1213
139,2023-03-04,West,Smartphone,4,545
140,2023-12-18,East,Printer,6,1116
141,2023-08-19,North,Smartphone,4,1455
142,2023-08-29,North,Printer,7,1262
143,2023-02-21,South,Smartphone,7,456
144,2023-04-06,East,Smartphone,2,1724
145,2023-08-10,South,Smartphone,3,373
146,2023-08-19,South,Smartphone,1,1142
147,2023-08-25,South,Table,8,410
148,2023-05-23,North,Notebook,9,969
149,2023-06-20,East,Chair,4,985
150,2023-01-29,South,Monitor,6,253
151,2023-02-05,East,Chair,9,1513
152,2023-01-13,East,Chair,6,1383
153,2023-06-09,North,Printer,9,719
154,2023-11-23,South,Notebook,4,982
155,2023-07-06,South,Printer,8,896
156,2023-08-31,East,Notebook,9,1694
157,2023-03-27,West,Notebook,4,224
158,2023-10-11,North,Smartphone,5,1477
159,2023-03-07,North,Table,8,1396
160,2023-06-19,North,Smartphone,6,718
161,2023-02-14,North,Table,7,1934
162,2023-03-03,South,Printer,3,344
163,2023-05-14,South,Table,7,947
164,2023-10-11,West,Printer,8,549
165,2023-01-28,North,Chair,6,1029
166,2023-04-18,North,Chair,9,1370
167,2023-02-13,East,Table,6,619
168,2023-12-06,South,Table,9,1264
169,2023-10-13,North,Printer,4,461
170,2023-11-27,West,Smartphone,8,107
171,2023-05-08,West,Printer,4,577
172,2023-12-14,South,Smartphone,2,1475
173,2023-08-19,West,Chair,9,594
174,2023-07-09,West,Notebook,5,1729
175,2023-08-13,South,Table,4,932
176,2023-10-10,North,Smartphone,2,1550
177,2023-05-01,North,Printer,1,1162
178,2023-04-26,West,Chair,7,692
179,2023-08-21,West,Smartphone,6,286
180,2023-09-16,North,Printer,2,1719
181,2023-12-25,South,Table,8,1723
182,2023-07-17,West,Table,4,853
183,2023-05-17,East,Monitor,8,1977
184,2023-11-14,South,Notebook,7,192
185,2023-06-14,West,Monitor,5,185
186,2023-08-13,West,Chair,8,1167
187,2023-11-03,East,Smartphone,9,236
188,2023-08-22,East,Chair,5,520
189,2023-06-21,North,Printer,5,173
190,2023-06-01,South,Table,2,1671
191,2023-11-11,South,Monitor,5,1736
192,2023-06-09,North,Monitor,3,1635
193,2023-04-06,South,Monitor,7,1279
194,2023-08-21,South,Chair,5,1378
195,2023-06-29,South,Table,8,270
196,2023-04-23,South,Smartphone,1,1851
197,2023-11-14,South,Printer,3,269
198,2023-02-21,East,Smartphone,3,1887
199,2023-09-25,South,Chair,9,971
200,2023-10-22,East,Printer,5,421
201,2023-04-23,South,Monitor,9,1690
202,2023-04-11,North,Notebook,9,555
203,2023-04-23,West,Chair,1,1043
204,2023-03-22,East,Chair,2,1726
205,2023-07-06,South,Table,5,889
206,2023-04-23,North,Smartphone,4,712
207,2023-01-02,West,Chair,9,1278
208,2023-05-10,East,Chair,7,988
209,2023-08-08,West,Monitor,6,448
210,2023-02-23,North,Monitor,7,1574
211,2023-12-09,East,Printer,1,1999
212,2023-08-12,West,Notebook,1,1776
213,2023-08-13,South,Table,8,1296
214,2023-05-06,East,Notebook,2,109
215,2023-05-10,West,Printer,9,839
216,2023-02-22,North,Monitor,7,1388
217,2023-06-21,North,Smartphone,6,1561
218,2023-08-06,East,Monitor,1,1883
219,2023-06-09,West,Table,1,1370
220,2023-07-17,East,Monitor,2,766
221,2023-09-04,East,Table,6,645
222,2023-11-20,West,Table,6,1622
223,2023-07-22,West,Table,2,228
224,2023-07-03,South,Printer,1,1795
225,2023-05-03,West,Table,5,700
226,2023-09-12,North,Table,5,704
227,2023-10-21,East,Smartphone,2,426
228,2023-10-07,East,Notebook,6,1876
229,2023-11-21,North,Chair,9,1958
230,2023-04-08,West,Notebook,2,1079
231,2023-07-17,North,Table,2,503
232,2023-08-28,North,Smartphone,3,728
233,2023-05-24,South,Monitor,7,1729
234,2023-04-07,North,Smartphone,6,1798
235,2023-07-20,East,Table,8,1734
236,2023-05-04,North,Smartphone,8,1748
237,2023-07-06,East,Smartphone,6,1482
238,2023-11-22,East,Table,3,1726
239,2023-12-15,East,Printer,3,1981
240,2023-09-16,West,Smartphone,1,817
241,2023-05-28,South,Chair,7,1140
242,2023-09-09,East,Chair,5,373
243,2023-12-12,East,Smartphone,4,784
244,2023-05-27,West,Printer,4,215
245,2023-05-28,East,Monitor,4,960
246,2023-12-18,North,Table,6,792
247,2023-07-18,North,Chair,8,1214
248,2023-11-04,South,Monitor,8,1205
249,2023-05-08,East,Smartphone,5,423
250,2023-02-08,West,Monitor,6,1060
251,2023-12-04,North,Notebook,4,213
252,2023-12-26,West,Chair,9,1892
253,2023-05-09,West,Smartphone,8,1181
254,2023-09-24,North,Table,1,253
255,2023-05-31,West,Printer,2,1527
256,2023-10-25,North,Smartphone,9,1751
257,2023-04-09,West,Table,8,1978
258,2023-09-20,North,Printer,3,1389
259,2023-09-09,East,Printer,8,414
260,2023-05-24,South,Smartphone,1,1838
261,2023-12-12,North,Monitor,4,1164
262,2023-04-22,North,Monitor,3,204
263,2023-03-01,South,Printer,6,1316
264,2023-01-02,North,Monitor,7,1524
265,2023-10-31,North,Notebook,4,1401
266,2023-09-11,West,Printer,7,453
267,2023-05-20,South,Printer,9,1115
268,2023-02-06,East,Table,2,1872
269,2023-06-09,North,Monitor,3,832
270,2023-01-09,South,Printer,5,1703
271,2023-08-21,West,Notebook,3,808
272,2023-04-09,East,Table,8,1379
273,2023-05-27,South,Smartphone,8,750
274,2023-10-31,East,Printer,8,923
275,2023-07-27,East,Notebook,9,1046
276,2023-05-11,East,Chair,4,760
277,2023-06-01,North,Notebook,5,198
278,2023-02-23,North,Notebook,5,687
279,2023-04-30,West,Table,8,381
280,2023-06-10,West,Smartphone,7,502
281,2023-04-26,South,Chair,9,1232
282,2023-03-16,West,Monitor,8,799
283,2023-04-23,East,Monitor,2,298
284,2023-04-14,East,Notebook,4,1426
285,2023-12-06,North,Table,6,426
286,2023-09-11,East,Table,2,253
287,2023-08-15,South,Monitor,7,651
288,2023-04-22,East,Chair,3,1768
289,2023-04-09,East,Smartphone,3,504
290,2023-06-02,South,Chair,2,561
291,2023-12-15,West,Printer,8,231
292,2023-12-04,West,Printer,6,890
293,2023-07-13,South,Smartphone,1,973
294,2023-11-06,North,Monitor,1,183
295,2023-06-12,East,Smartphone,7,1522
296,2023-07-27,South,Table,8,853
297,2023-06-18,East,Printer,5,727
298,2023-06-10,North,Notebook,5,1232
299,2023-03-09,East,Notebook,4,320
300,2023-10-16,South,Monitor,6,652
301,2023-10-04,East,Table,6,1491
302,2023-10-31,West,Chair,3,1270
303,2023-05-15,North,Table,9,211
304,2023-07-14,North,Notebook,7,714
305,2023-05-08,North,Notebook,1,1681
306,2023-02-02,South,Printer,7,1023
307,2023-06-25,North,Table,5,1617
308,2023-01-22,West,Table,5,1628
309,2023-08-26,South,Notebook,2,574
310,2023-06-07,West,Chair,4,935
311,2023-02-07,East,Monitor,6,370
312,2023-08-18,East,Monitor,7,520
313,2023-12-31,East,Table,5,806
314,2023-02-20,East,Monitor,9,1490
315,2023-09-21,West,Notebook,3,1403
316,2023-10-10,South,Notebook,1,1406
317,2023-01-27,South,Table,4,139
318,2023-08-14,North,Table,9,288
319,2023-10-04,West,Printer,4,1287
320,2023-10-13,East,Table,2,1093
321,2023-04-07,West,Chair,5,1659
322,2023-10-11,North,Monitor,3,635
323,2023-11-13,North,Table,9,1127
324,2023-10-31,West,Smartphone,4,1958
325,2023-05-27,West,Printer,6,389
326,2023-01-04,West,Smartphone,2,532
327,2023-02-04,South,Notebook,6,570
328,2023-07-11,East,Monitor,3,1304
329,2023-02-18,West,Table,9,1371
330,2023-01-17,West,Smartphone,2,727
331,2023-06-21,West,Monitor,9,378
332,2023-08-08,North,Notebook,5,976
333,2023-06-07,North,Chair,8,680
334,2023-02-15,South,Printer,2,962
335,2023-01-06,East,Monitor,6,353
336,2023-04-09,South,Monitor,3,280
337,2023-08-21,East,Chair,5,1953
338,2023-02-06,North,Monitor,8,780
339,2023-10-07,North,Notebook,1,924
340,2023-12-15,North,Notebook,5,1632
341,2023-10-29,South,Chair,3,1884
342,2023-06-30,West,Printer,4,799
343,2023-04-05,West,Table,2,665
344,2023-04-09,North,Smartphone,9,1449
345,2023-07-07,West,Table,3,1480
346,2023-04-26,West,Monitor,2,1948
347,2023-07-10,South,Smartphone,9,1773
348,2023-09-10,East,Chair,7,779
349,2023-06-10,North,Chair,6,490
350,2023-09-13,North,Printer,1,1738
351,2023-11-19,South,Smartphone,5,1208
352,2023-05-08,South,Notebook,3,1440
353,2023-01-18,West,Smartphone,1,311
354,2023-10-08,North,Monitor,4,1638
355,2023-08-11,East,Notebook,2,483
356,2023-02-23,South,Chair,2,1814
357,2023-02-27,East,Smartphone,3,441
358,2023-11-19,East,Table,8,1938
359,2023-12-26,North,Printer,8,943
360,2023-06-23,North,Table,7,1161
361,2023-10-07,South,Printer,6,1634
362,2023-04-24,North,Monitor,9,519
363,2023-10-15,North,Table,4,850
364,2023-12-08,North,Smartphone,1,1292
365,2023-05-31,East,Smartphone,8,1466
366,2023-05-07,South,Table,7,1949
367,2023-06-04,West,Smartphone,7,405
368,2023-09-30,East,Monitor,3,1665
369,2023-04-14,North,Notebook,4,801
370,2023-10-26,East,Monitor,9,968
371,2023-09-03,North,Printer,6,636
372,2023-06-25,North,Monitor,5,1235
373,2023-02-08,East,Printer,3,1534
374,2023-06-19,South,Smartphone,9,305
375,2023-09-04,North,Notebook,5,1308
376,2023-01-26,South,Smartphone,5,1505
377,2023-12-21,West,Chair,4,595
378,2023-11-02,North,Smartphone,4,1502
379,2023-01-13,South,Printer,1,1170
380,2023-11-12,South,Smartphone,7,1863
381,2023-11-09,West,Smartphone,9,1674
382,2023-02-05,South,Notebook,3,1651
383,2023-06-22,South,Smartphone,2,603
384,2023-01-20,West,Notebook,3,1145
385,2023-11-17,North,Table,1,312
386,2023-09-21,South,Chair,6,409
387,2023-05-22,South,Notebook,7,760
388,2023-05-23,South,Printer,2,852
389,2023-04-02,East,Table,8,371
390,2023-12-20,West,Notebook,6,1694
391,2023-11-18,East,Notebook,4,1922
392,2023-10-15,West,Chair,5,1037
393,2023-08-03,North,Printer,8,1325
394,2023-12-08,North,Monitor,3,131
395,2023-02-20,South,Monitor,3,542
396,2023-06-02,West,Notebook,4,261
397,2023-07-05,North,Smartphone,1,866
398,2023-03-04,West,Printer,9,353
399,2023-07-09,North,Table,8,620
400,2023-05-05,East,Smartphone,8,1076
401,2023-05-30,North,Smartphone,6,1774
402,2023-11-10,East,Printer,7,1603
403,2023-02-27,North,Notebook,6,109
404,2023-12-08,South,Notebook,9,825
405,2023-11-01,East,Notebook,3,604
406,2023-06-29,North,Notebook,3,884
407,2023-06-19,South,Monitor,3,1959
408,2023-11-22,East,Notebook,3,1683
409,2023-09-28,South,Monitor,9,535
410,2023-02-23,West,Monitor,4,1234
411,2023-04-11,West,Notebook,7,252
412,2023-09-21,East,Chair,9,1758
413,2023-02-22,North,Table,7,1016
414,2023-03-01,East,Smartphone,9,968
415,2023-04-18,South,Monitor,3,1225
416,2023-01-05,North,Printer,4,852
417,2023-04-13,West,Printer,8,1956
418,2023-07-15,North,Table,6,1314
419,2023-09-19,West,Printer,5,1852
420,2023-12-31,North,Chair,4,662
421,2023-12-16,North,Printer,8,1927
422,2023-02-16,North,Smartphone,1,1204
423,2023-12-21,South,Smartphone,9,588
424,2023-11-07,South,Monitor,1,994
425,2023-11-04,East,Notebook,8,1211
426,2023-05-24,East,Chair,4,1317
427,2023-09-26,West,Monitor,9,203
428,2023-05-04,South,Chair,5,1906
429,2023-04-16,West,Notebook,3,1219
430,2023-06-07,East,Printer,9,1546
431,2023-05-27,West,Printer,9,1321
432,2023-05-25,East,Notebook,4,1124
433,2023-04-30,South,Monitor,4,1106
434,2023-11-15,North,Notebook,8,506
435,2023-10-02,South,Table,2,1501
436,2023-04-02,West,Smartphone,9,266
437,2023-02-27,West,Monitor,6,608
438,2023-12-12,South,Chair,9,1761
439,2023-08-17,South,Table,8,412
440,2023-04-27,East,Monitor,7,1716
441,2023-11-14,West,Notebook,1,1541
442,2023-10-06,West,Notebook,3,862
443,2023-05-07,South,Notebook,2,780
444,2023-05-09,North,Notebook,5,576
445,2023-02-27,West,Chair,5,172
446,2023-05-02,North,Table,5,1264
447,2023-01-01,South,Printer,4,681
448,2023-08-27,South,Smartphone,5,361
449,2023-10-17,East,Chair,3,1463
450,2023-04-06,West,Chair,1,1431
451,2023-05-06,North,Printer,5,344
452,2023-04-28,East,Printer,9,1638
453,2023-02-17,West,Smartphone,9,1460
454,2023-03-30,East,Smartphone,4,1698
455,2023-08-25,South,Printer,3,660
456,2023-09-29,West,Notebook,1,1199
457,2023-07-08,East,Chair,2,274
458,2023-07-11,East,Monitor,8,208
459,2023-03-10,North,Smartphone,1,282
460,2023-10-05,East,Smartphone,8,291
461,2023-12-15,West,Printer,7,164
462,2023-09-04,West,Table,8,1972
463,2023-03-17,North,Monitor,6,1062
464,2023-06-03,West,Monitor,9,1597
465,2023-05-24,South,Smartphone,3,1906
466,2023-03-27,West,Notebook,4,1223
467,2023-07-04,West,Table,6,1667
468,2023-10-12,East,Monitor,8,963
469,2023-08-08,East,Smartphone,5,1251
470,2023-03-10,West,Monitor,3,1575
471,2023-02-16,North,Table,6,468
472,2023-04-04,East,Table,4,950
473,2023-08-26,North,Chair,9,142
474,2023-07-23,West,Printer,3,1542
475,2023-08-06,West,Printer,4,587
476,2023-12-07,South,Smartphone,7,177
477,2023-02-08,East,Table,7,925
478,2023-04-10,West,Chair,4,1924
479,2023-10-16,South,Chair,6,1393
480,2023-09-11,East,Monitor,3,773
481,2023-08-10,West,Monitor,6,800
482,2023-12-23,West,Chair,2,858
483,2023-01-23,East,Monitor,8,827
484,2023-09-07,East,Table,2,1438
485,2023-01-10,East,Notebook,7,1024
486,2023-09-03,West,Table,9,1974
487,2023-11-21,West,Chair,1,1001
488,2023-04-10,South,Chair,8,988
489,2023-10-17,North,Table,7,1092
490,2023-06-29,East,Monitor,6,1291
491,2023-08-11,West,Monitor,6,438
492,2023-09-07,West,Printer,6,292
493,2023-05-27,East,Chair,9,1576
494,2023-04-06,North,Smartphone,2,382
495,2023-09-14,East,Printer,1,1459
496,2023-11-21,North,Monitor,6,489
497,2023-01-04,West,Table,8,1099
498,2023-01-16,North,Monitor,3,624
499,2023-10-07,South,Table,1,1363
500,2023-12-02,West,Printer,9,1955
501,2023-09-04,South,Chair,1,1606
502,2023-09-15,East,Monitor,3,758
503,2023-06-09,East,Table,8,815
504,2023-12-06,East,Chair,3,1715
505,2023-06-01,North,Smartphone,4,990
506,2023-06-27,West,Table,8,1678
507,2023-06-12,East,Printer,1,1581
508,2023-02-02,East,Smartphone,6,1212
509,2023-06-28,West,Smartphone,1,1783
510,2023-04-11,East,Notebook,1,1218
511,2023-09-25,South,Monitor,8,551
512,2023-11-19,West,Table,4,527
513,2023-03-06,West,Smartphone,1,1274
514,2023-06-17,West,Notebook,7,1637
515,2023-11-26,South,Printer,5,1499
516,2023-02-12,West,Chair,5,1145
517,2023-02-13,South,Table,1,982
518,2023-10-12,West,Smartphone,6,412
519,2023-01-12,North,Monitor,9,939
520,2023-04-05,East,Notebook,9,618
521,2023-10-29,North,Smartphone,8,1329
522,2023-09-10,East,Monitor,5,474
523,2023-08-30,South,Smartphone,1,550
524,2023-02-04,North,Table,9,1749
525,2023-08-03,West,Table,1,1907
526,2023-12-03,East,Table,8,1114
527,2023-03-31,East,Printer,5,694
528,2023-09-21,North,Printer,3,1302
529,2023-04-03,South,Notebook,7,1333
530,2023-03-31,North,Table,7,599
531,2023-04-25,South,Monitor,9,563
532,2023-04-15,South,Smartphone,7,1963
533,2023-07-15,East,Chair,3,1247
534,2023-11-10,North,Monitor,1,212
535,2023-04-24,North,Printer,8,1135
536,2023-03-16,South,Printer,3,1249
537,2023-08-05,North,Monitor,8,1688
538,2023-10-04,West,Printer,8,430
539,2023-09-06,West,Table,5,1406
540,2023-06-13,North,Notebook,1,239
541,2023-12-23,North,Smartphone,7,1524
542,2023-07-11,South,Notebook,5,1001
543,2023-08-15,West,Smartphone,8,1220
544,2023-06-26,West,Smartphone,9,616
545,2023-04-09,East,Notebook,7,668
546,2023-02-05,South,Monitor,7,945
547,2023-04-06,East,Smartphone,1,1192
548,2023-06-01,West,Notebook,4,217
549,2023-05-31,South,Smartphone,2,987
550,2023-07-09,North,Chair,2,1182
551,2023-08-12,South,Monitor,2,1156
552,2023-02-06,North,Table,4,1441
553,2023-09-25,North,Smartphone,1,149
554,2023-07-02,South,Chair,4,1612
555,2023-01-13,North,Table,2,118
556,2023-10-06,East,Table,5,825
557,2023-08-05,West,Smartphone,3,296
558,2023-12-21,North,Notebook,8,1573
559,2023-12-27,East,Smartphone,4,658
560,2023-10-13,North,Chair,1,1802
561,2023-09-30,West,Table,1,551
562,2023-03-03,East,Smartphone,3,388
563,2023-03-25,West,Notebook,9,1264
564,2023-08-05,West,Smartphone,7,1207
565,2023-12-08,East,Monitor,2,1817
566,2023-07-06,East,Notebook,9,490
567,2023-01-19,East,Chair,2,1714
568,2023-06-26,South,Table,3,314
569,2023-04-10,East,Smartphone,2,1649
570,2023-08-21,East,Notebook,3,314
571,2023-03-17,East,Monitor,6,1526
572,2023-09-22,East,Notebook,9,227
573,2023-10-11,North,Printer,9,1945
574,2023-07-25,South,Monitor,7,1600
575,2023-08-11,West,Chair,3,859
576,2023-02-21,East,Table,4,503
577,2023-12-05,North,Chair,6,1152
578,2023-05-24,North,Smartphone,5,1915
579,2023-03-10,North,Notebook,2,437
580,2023-04-09,West,Printer,6,930
581,2023-01-25,East,Monitor,3,813
582,2023-02-22,South,Monitor,8,460
583,2023-05-31,South,Notebook,2,668
584,2023-05-24,North,Printer,1,1515
585,2023-02-26,West,Notebook,9,317
586,2023-02-08,West,Smartphone,3,1697
587,2023-04-19,West,Chair,1,1792
588,2023-06-30,South,Monitor,7,301
589,2023-02-11,North,Smartphone,5,116
590,2023-07-05,East,Chair,5,421
591,2023-08-11,South,Smartphone,1,617
592,2023-05-02,North,Printer,9,1693
593,2023-05-13,North,Monitor,7,1448
594,2023-06-12,East,Notebook,8,1535
595,2023-08-03,East,Notebook,9,1441
596,2023-08-09,East,Chair,6,780
597,2023-08-23,West,Table,5,1205
598,2023-11-27,East,Printer,6,1597
599,2023-05-26,North,Chair,2,1591
600,2023-08-27,East,Table,4,524
601,2023-03-17,North,Smartphone,3,1854
602,2023-01-09,South,Printer,7,1812
603,2023-03-15,West,Smartphone,9,1327
604,2023-09-10,South,Monitor,5,1706
605,2023-08-18,South,Printer,6,1118
606,2023-01-07,North,Table,2,486
607,2023-06-23,South,Monitor,3,877
608,2023-05-21,North,Notebook,3,197
609,2023-06-17,East,Table,9,1468
610,2023-06-19,East,Chair,7,1926
611,2023-10-10,North,Notebook,8,307
612,2023-05-02,East,Notebook,9,1637
613,2023-07-13,West,Chair,6,1759
614,2023-01-05,South,Printer,4,1915
615,2023-01-29,West,Notebook,1,685
616,2023-06-14,South,Table,8,265
617,2023-12-05,East,Monitor,7,121
618,2023-05-16,West,Notebook,2,253
619,2023-12-31,East,Table,8,1562
620,2023-11-17,South,Smartphone,5,1418
621,2023-12-08,North,Table,7,318
622,2023-05-25,North,Monitor,4,768
623,2023-11-23,West,Table,5,1618
624,2023-08-05,East,Chair,8,329
625,2023-10-28,East,Monitor,1,119
626,2023-05-12,West,Printer,1,652
627,2023-10-19,North,Smartphone,4,1049
628,2023-03-11,South,Chair,3,247
629,2023-09-09,West,Printer,2,1231
630,2023-10-02,South,Table,3,502
631,2023-12-30,North,Monitor,1,695
632,2023-07-01,East,Smartphone,1,1606
633,2023-06-16,North,Chair,6,466
634,2023-04-01,West,Printer,5,1957
635,2023-07-21,East,Printer,8,1537
636,2023-12-12,West,Smartphone,2,1432
637,2023-01-19,West,Table,4,901
638,2023-02-08,North,Smartphone,8,1017
639,2023-05-06,West,Printer,6,1958
640,2023-06-22,North,Notebook,1,1257
641,2023-05-21,East,Chair,4,1842
642,2023-08-30,North,Smartphone,1,1406
643,2023-08-08,East,Printer,2,1901
644,2023-05-06,North,Table,5,172
645,2023-02-27,South,Printer,8,580
646,2023-05-28,South,Table,8,1475
647,2023-11-13,West,Smartphone,3,659
648,2023-12-27,North,Table,4,1449
649,2023-01-01,North,Monitor,6,844
650,2023-12-14,East,Monitor,3,1566
651,2023-07-09,West,Monitor,2,199
652,2023-07-10,North,Notebook,6,1182
653,2023-11-08,West,Smartphone,5,607
654,2023-04-27,South,Printer,5,357
655,2023-05-14,North,Printer,5,512
656,2023-02-27,North,Notebook,5,1575
657,2023-02-13,West,Table,3,1188
658,2023-06-22,North,Notebook,7,694
659,2023-06-09,West,Table,6,1277
660,2023-06-22,North,Table,4,365
661,2023-11-13,East,Chair,2,920
662,2023-10-30,West,Printer,9,1202
663,2023-05-29,North,Monitor,1,1438
664,2023-03-21,South,Table,4,761
665,2023-08-01,North,Chair,1,1046
666,2023-07-22,South,Printer,6,659
667,2023-09-09,South,Monitor,4,1016
668,2023-08-17,East,Table,5,990
669,2023-06-13,West,Table,5,1371
670,2023-08-15,North,Notebook,9,1913
671,2023-05-27,East,Notebook,1,967
672,2023-01-20,North,Printer,2,709
673,2023-02-16,South,Monitor,6,513
674,2023-08-21,West,Table,5,124
675,2023-11-01,North,Printer,7,383
676,2023-01-14,North,Printer,3,1572
677,2023-05-23,South,Smartphone,3,980
678,2023-01-01,North,Notebook,2,400
679,2023-02-23,North,Monitor,3,1191
680,2023-09-16,South,Table,1,1130
681,2023-05-24,East,Printer,5,916
682,2023-01-12,South,Table,5,1260
683,2023-11-26,East,Smartphone,7,1287
684,2023-08-12,West,Monitor,4,182
685,2023-09-29,East,Printer,3,1773
686,2023-12-24,East,Table,1,1543
687,2023-06-05,West,Notebook,8,1196
688,2023-01-08,East,Smartphone,3,1360
689,2023-05-02,South,Monitor,2,145
690,2023-12-14,East,Smartphone,4,717
691,2023-06-13,West,Notebook,3,1027
692,2023-03-31,South,Monitor,1,1923
693,2023-05-16,West,Smartphone,3,361
694,2023-07-05,West,Chair,2,275
695,2023-11-12,North,Notebook,8,1289
696,2023-06-27,North,Notebook,6,756
697,2023-01-28,West,Notebook,9,941
698,2023-08-08,West,Chair,8,469
699,2023-12-23,West,Chair,3,1918
700,2023-02-10,North,Table,5,153
701,2023-08-16,North,Printer,7,789
702,2023-07-11,East,Smartphone,5,1542
703,2023-05-25,East,Table,8,1879
704,2023-07-20,West,Smartphone,5,1630
705,2023-07-31,South,Printer,1,1464
706,2023-08-08,South,Chair,5,1250
707,2023-08-28,North,Printer,4,1532
708,2023-02-15,North,Chair,6,466
709,2023-02-04,North,Printer,3,1394
710,2023-09-10,West,Table,5,743
711,2023-03-23,South,Monitor,2,1728
712,2023-09-13,East,Table,6,478
713,2023-07-16,West,Smartphone,6,172
714,2023-10-30,East,Table,5,1014
715,2023-01-10,East,Notebook,6,1371
716,2023-11-08,West,Smartphone,7,959
717,2023-10-13,East,Printer,5,1908
718,2023-08-30,South,Smartphone,1,142
719,2023-09-08,East,Monitor,8,476
720,2023-12-31,South,Chair,4,1164
721,2023-01-05,South,Printer,9,269
722,2023-04-29,South,Smartphone,6,311
723,2023-10-16,North,Printer,1,1616
724,2023-03-06,East,Printer,3,1803
725,2023-05-26,West,Printer,3,138
726,2023-08-12,West,Chair,4,468
727,2023-08-27,East,Table,6,856
728,2023-06-26,North,Printer,7,250
729,2023-09-24,North,Notebook,4,1234
730,2023-12-07,South,Monitor,6,1603
731,2023-10-09,East,Chair,1,1559
732,2023-03-04,East,Smartphone,8,1170
733,2023-08-05,West,Chair,7,1123
734,2023-12-08,East,Smartphone,9,1698
735,2023-11-11,North,Chair,3,836
736,2023-10-10,East,Smartphone,2,1489
737,2023-06-26,West,Printer,1,168
738,2023-04-08,South,Table,3,398
739,2023-04-15,West,Smartphone,5,1043
740,2023-04-09,West,Smartphone,2,901
741,2023-11-07,South,Notebook,3,395
742,2023-01-06,West,Smartphone,4,302
743,2023-07-16,West,Notebook,7,160
744,2023-12-17,East,Monitor,3,1045
745,2023-05-13,East,Printer,9,1062
746,2023-12-24,South,Notebook,8,1953
747,2023-09-16,East,Table,4,1437
748,2023-01-23,East,Printer,1,1284
749,2023-02-22,West,Notebook,1,430
750,2023-06-14,North,Printer,1,1651
751,2023-07-21,East,Printer,1,437
752,2023-03-24,North,Printer,8,1729
753,2023-05-25,East,Monitor,3,1427
754,2023-03-26,East,Table,6,1626
755,2023-03-19,South,Chair,3,1773
756,2023-01-01,South,Chair,5,1461
757,2023-02-20,South,Notebook,7,1673
758,2023-06-22,North,Printer,2,738
759,2023-07-24,West,Notebook,6,374
760,2023-09-17,East,Monitor,6,1287
761,2023-10-15,East,Monitor,3,1566
762,2023-02-03,East,Smartphone,6,418
763,2023-12-14,North,Monitor,5,688
764,2023-04-05,South,Smartphone,2,603
765,2023-03-13,West,Table,9,1809
766,2023-02-08,North,Notebook,8,486
767,2023-06-03,South,Table,3,969
768,2023-09-07,North,Monitor,8,932
769,2023-06-11,West,Table,9,1114
770,2023-04-28,South,Table,3,702
771,2023-09-16,North,Table,3,1873
772,2023-11-02,West,Monitor,2,1899
773,2023-09-25,East,Printer,8,790
774,2023-02-23,West,Table,1,593
775,2023-08-24,East,Smartphone,8,589
776,2023-08-10,North,Monitor,7,820
777,2023-09-08,South,Table,7,1196
778,2023-11-09,South,Printer,3,608
779,2023-04-22,North,Monitor,1,489
780,2023-09-12,South,Chair,4,1742
781,2023-10-30,South,Printer,9,1980
782,2023-07-26,East,Smartphone,5,394
783,2023-08-17,North,Table,1,1492
784,2023-12-07,West,Chair,5,895
785,2023-03-07,East,Chair,8,964
786,2023-03-16,North,Monitor,8,1817
787,2023-04-13,East,Chair,5,648
788,2023-07-11,West,Smartphone,9,748
789,2023-09-09,West,Smartphone,1,1973
790,2023-08-14,North,Notebook,4,667
791,2023-10-21,West,Smartphone,3,1310
792,2023-11-02,East,Printer,2,952
793,2023-04-08,West,Chair,8,869
794,2023-12-04,East,Smartphone,7,544
795,2023-10-13,East,Monitor,9,1693
796,2023-12-01,West,Notebook,2,462
797,2023-12-13,North,Chair,4,222
798,2023-11-04,South,Notebook,6,1311
799,2023-09-06,West,Chair,3,841
800,2023-06-15,East,Monitor,8,779
801,2023-12-01,East,Notebook,3,519
802,2023-01-30,West,Table,2,1749
803,2023-09-04,North,Printer,3,1375
804,2023-04-16,North,Printer,6,1742
805,2023-02-20,East,Chair,2,1672
806,2023-03-22,East,Table,8,1458
807,2023-05-13,North,Notebook,1,191
808,2023-10-12,South,Table,7,1653
809,2023-05-18,West,Table,2,1989
810,2023-07-03,East,Notebook,6,162
811,2023-11-26,East,Monitor,2,1785
812,2023-09-30,North,Table,2,611
813,2023-12-06,West,Table,8,1262
814,2023-03-10,North,Monitor,2,1821
815,2023-02-03,West,Table,7,1308
816,2023-09-19,West,Table,3,1328
817,2023-02-22,West,Table,8,871
818,2023-07-24,East,Printer,7,1337
819,2023-05-06,South,Smartphone,8,355
820,2023-08-23,North,Monitor,7,234
821,2023-02-12,South,Table,6,1696
822,2023-08-28,North,Printer,7,974
823,2023-04-21,West,Monitor,5,921
824,2023-09-06,East,Chair,7,187
825,2023-05-31,South,Chair,1,1959
826,2023-07-02,East,Table,1,1087
827,2023-12-02,North,Printer,9,1330
828,2023-04-05,East,Printer,5,1252
829,2023-01-08,East,Monitor,5,922
830,2023-12-26,South,Monitor,3,1126
831,2023-07-03,West,Printer,5,1073
832,2023-10-08,East,Monitor,3,1033
833,2023-07-14,West,Printer,9,1877
834,2023-12-18,North,Smartphone,9,220
835,2023-07-14,East,Printer,6,1508
836,2023-06-04,South,Chair,1,1737
837,2023-04-03,North,Monitor,7,1161
838,2023-06-09,North,Printer,7,1464
839,2023-03-02,South,Printer,4,1107
840,2023-05-02,East,Monitor,8,1024
841,2023-02-20,East,Smartphone,6,744
842,2023-10-04,North,Smartphone,4,813
843,2023-01-05,East,Monitor,4,959
844,2023-04-02,West,Notebook,2,120
845,2023-06-19,South,Monitor,2,341
846,2023-11-13,West,Monitor,4,554
847,2023-01-22,East,Smartphone,5,1062
848,2023-11-22,North,Smartphone,8,720
849,2023-01-01,South,Monitor,6,402
850,2023-05-13,East,Monitor,4,1719
851,2023-08-21,East,Monitor,7,1718
852,2023-01-12,North,Smartphone,8,902
853,2023-12-12,North,Monitor,2,1063
854,2023-02-15,West,Monitor,7,168
855,2023-02-03,South,Table,2,1252
856,2023-03-19,South,Notebook,2,295
857,2023-08-06,North,Chair,8,239
858,2023-10-28,West,Notebook,2,1567
859,2023-03-14,South,Table,9,382
860,2023-10-09,North,Chair,1,411
861,2023-09-06,East,Monitor,9,845
862,2023-02-16,South,Table,1,1658
863,2023-05-01,West,Monitor,2,1788
864,2023-08-02,West,Smartphone,6,376
865,2023-08-27,West,Printer,6,160
866,2023-02-25,East,Table,1,1442
867,2023-12-16,South,Smartphone,7,151
868,2023-04-17,South,Table,8,1979
869,2023-11-15,East,Table,2,252
870,2023-02-17,South,Smartphone,8,1872
871,2023-03-02,East,Chair,9,1434
872,2023-12-03,East,Notebook,6,1937
873,2023-01-26,East,Monitor,5,643
874,2023-10-19,West,Table,9,666
875,2023-09-14,South,Monitor,9,1987
876,2023-01-08,East,Printer,1,1512
877,2023-04-23,South,Smartphone,3,1671
878,2023-12-21,West,Monitor,9,721
879,2023-09-10,East,Smartphone,2,1300
880,2023-06-29,North,Monitor,4,1485
881,2023-07-26,West,Notebook,4,413
882,2023-10-30,North,Notebook,2,906
883,2023-05-07,South,Notebook,3,947
884,2023-02-25,South,Notebook,3,196
885,2023-08-02,West,Notebook,1,980
886,2023-01-14,South,Notebook,6,1336
887,2023-01-28,North,Smartphone,8,928
888,2023-03-19,East,Table,3,236
889,2023-08-04,East,Monitor,5,1129
890,2023-12-31,East,Notebook,1,1110
891,2023-06-03,West,Smartphone,7,208
892,2023-01-14,South,Smartphone,1,646
893,2023-07-06,North,Smartphone,9,1162
894,2023-11-08,South,Table,8,761
895,2023-01-07,South,Monitor,7,524
896,2023-01-03,South,Table,7,729
897,2023-04-21,East,Chair,5,360
898,2023-08-26,North,Smartphone,5,1549
899,2023-12-29,North,Chair,5,186
900,2023-08-27,South,Printer,1,564
901,2023-10-01,East,Notebook,8,175
902,2023-10-21,East,Notebook,1,570
903,2023-08-15,North,Table,4,513
904,2023-01-15,East,Monitor,9,924
905,2023-07-11,East,Chair,9,994
906,2023-04-29,East,Monitor,5,825
907,2023-01-28,West,Table,4,556
908,2023-07-21,South,Notebook,3,1408
909,2023-02-08,North,Monitor,3,1362
910,2023-09-30,North,Monitor,5,1800
911,2023-08-19,West,Notebook,1,1722
912,2023-03-27,South,Chair,5,752
913,2023-05-06,North,Notebook,6,771
914,2023-10-27,East,Monitor,7,1681
915,2023-01-25,North,Chair,9,1495
916,2023-05-25,East,Chair,3,594
917,2023-01-13,West,Notebook,2,1747
918,2023-07-31,East,Monitor,3,1168
919,2023-01-25,North,Table,9,1524
920,2023-03-09,North,Monitor,7,1370
921,2023-03-08,North,Smartphone,9,1739
922,2023-08-21,West,Printer,2,696
923,2023-04-19,West,Table,5,549
924,2023-05-26,South,Chair,4,584
925,2023-04-21,North,Table,2,745
926,2023-08-16,East,Chair,9,719
927,2023-04-21,West,Chair,9,1141
928,2023-02-03,North,Table,6,1729
929,2023-04-21,North,Chair,6,761
930,2023-09-21,West,Chair,8,857
931,2023-08-24,South,Smartphone,6,388
932,2023-03-24,West,Monitor,1,1537
933,2023-02-11,West,Monitor,4,820
934,2023-04-11,East,Printer,7,737
935,2023-01-06,East,Printer,2,334
936,2023-06-29,South,Smartphone,9,515
937,2023-10-09,North,Printer,8,1037
938,2023-11-16,West,Table,8,598
939,2023-08-14,South,Notebook,7,1073
940,2023-11-11,East,Notebook,4,733
941,2023-12-31,West,Notebook,2,1773
942,2023-08-17,North,Smartphone,3,1119
943,2023-10-16,East,Smartphone,6,214
944,2023-05-30,East,Chair,5,1031
945,2023-10-04,East,Notebook,8,773
946,2023-07-17,South,Table,6,1836
947,2023-03-11,North,Printer,6,1357
948,2023-04-22,West,Table,1,1663
949,2023-01-04,South,Printer,4,1134
950,2023-12-16,South,Notebook,5,305
951,2023-11-27,South,Notebook,3,1802
952,2023-11-14,East,Notebook,9,346
953,2023-12-16,North,Smartphone,1,1682
954,2023-04-05,South,Printer,6,857
955,2023-06-01,West,Smartphone,6,1250
956,2023-11-07,North,Smartphone,5,246
957,2023-05-17,West,Monitor,5,217
958,2023-09-04,North,Table,5,1505
959,2023-08-31,West,Table,6,511
960,2023-01-31,East,Chair,8,1787
961,2023-02-09,South,Smartphone,2,1707
962,2023-08-17,West,Printer,6,462
963,2023-02-05,North,Monitor,1,1632
964,2023-08-11,South,Monitor,4,236
965,2023-01-06,South,Table,3,1298
966,2023-11-18,North,Smartphone,9,1412
967,2023-08-08,West,Chair,3,1057
968,2023-03-16,East,Smartphone,6,1604
969,2023-01-04,East,Notebook,1,118
970,2023-12-01,West,Smartphone,6,294
971,2023-05-14,South,Notebook,4,429
972,2023-04-28,South,Notebook,8,274
973,2023-04-04,South,Chair,9,1101
974,2023-03-03,South,Printer,4,548
975,2023-07-13,West,Table,6,1045
976,2023-12-01,South,Smartphone,1,1477
977,2023-07-22,North,Notebook,4,1622
978,2023-01-26,South,Smartphone,7,240
979,2023-06-22,East,Printer,1,857
980,2023-10-27,South,Table,8,1029
981,2023-05-13,West,Printer,6,192
982,2023-11-22,East,Table,5,338
983,2023-04-28,West,Monitor,9,304
984,2023-11-20,West,Table,2,659
985,2023-10-02,East,Chair,5,1556
986,2023-07-31,West,Printer,6,344
987,2023-08-13,West,Notebook,7,931
988,2023-01-20,South,Monitor,5,1440
989,2023-04-23,North,Chair,9,1024
990,2023-05-20,West,Smartphone,1,394
991,2023-02-16,West,Printer,7,739
992,2023-01-01,West,Notebook,7,955
993,2023-03-31,South,Table,4,1405
994,2023-05-22,North,Notebook,9,116
995,2023-11-16,East,Smartphone,5,170
996,2023-02-07,South,Monitor,4,1392
997,2023-10-20,South,Monitor,7,1448
998,2023-05-19,North,Printer,4,1917
999,2023-12-22,North,Monitor,3,404
1000,2023-11-29,South,Printer,9,1574
